{"cameraMode":{"drawMode":0,"name":"Shaded","section":"Shading Mode"},"sceneLighting":true,"audioPlay":false,"sceneViewState":{"showFog":true,"showMaterialUpdate":false,"showSkybox":true,"showFlares":true,"showImageEffects":true,"showParticleSystems":true},"in2DMode":false,"pivot":{"x":32.38764572143555,"y":1.5723094940185547,"z":16.850189208984376},"rotation":{"x":-0.18243317306041718,"y":-0.8014310002326965,"z":0.48236069083213808,"w":-0.3030373454093933},"size":6.436279773712158,"orthographic":false}