{"cameraMode":{"drawMode":0,"name":"Shaded","section":"Shading Mode"},"sceneLighting":true,"audioPlay":false,"sceneViewState":{"showFog":true,"showMaterialUpdate":false,"showSkybox":false,"showFlares":true,"showImageEffects":true,"showParticleSystems":true},"in2DMode":false,"pivot":{"x":-0.17493951320648194,"y":28.388404846191408,"z":-26.888988494873048},"rotation":{"x":-0.06971600651741028,"y":0.8976771831512451,"z":-0.15397001802921296,"w":-0.40731728076934817},"size":4.019217491149902,"orthographic":false}