{"cameraMode":{"drawMode":0,"name":"Shaded","section":"Shading Mode"},"sceneLighting":true,"audioPlay":false,"sceneViewState":{"showFog":true,"showMaterialUpdate":false,"showSkybox":false,"showFlares":true,"showImageEffects":true,"showParticleSystems":true},"in2DMode":false,"pivot":{"x":17.899999618530275,"y":-7.340000152587891,"z":-30.364999771118165},"rotation":{"x":0.03306332230567932,"y":0.9672331809997559,"z":-0.1807870715856552,"w":0.17603130638599397},"size":0.5744568109512329,"orthographic":false}