{"cameraMode":{"drawMode":0,"name":"Shaded","section":"Shading Mode"},"sceneLighting":true,"audioPlay":false,"sceneViewState":{"showFog":true,"showMaterialUpdate":false,"showSkybox":false,"showFlares":true,"showImageEffects":true,"showParticleSystems":true},"in2DMode":false,"pivot":{"x":1.8328553438186646,"y":27.614320755004884,"z":-27.70608139038086},"rotation":{"x":-0.06971600651741028,"y":0.8976771831512451,"z":-0.15397001802921296,"w":-0.40731728076934817},"size":4.019217491149902,"orthographic":false}